script,characters,first_codepoint,last_codepoint
CJK,28209,11904,64217
HANGUL,11625,4352,55291
YI,1220,40960,42182
ARABIC,1185,1536,65276
LATIN,1183,65,64262
CANADIAN,710,5120,6389
ETHIOPIC,495,4608,43822
CYRILLIC,386,1024,42651
GREEK,365,880,43877
COMBINING,331,768,65071
VAI,300,42240,42539
CIRCLED,278,8853,129282
BRAILLE,256,10240,10495
SQUARE,235,8730,128918
TAI,234,6480,43743
MYANMAR,223,4096,43647
MODIFIER,220,688,43883
KANGXI,214,12032,12245
TIBETAN,207,3840,4058
GEORGIAN,173,4256,11565
CHEROKEE,172,5024,43967
BLACK,169,8268,129619
MONGOLIAN,158,6144,6314
WHITE,147,9093,129616
KHMER,146,6016,6655
DEVANAGARI,142,2304,43263
COPTIC,137,994,11519
HEBREW,134,1425,64335
BOX,128,9472,9599
BALINESE,127,6912,7039
HALFWIDTH,122,65377,65518
MALAYALAM,118,3328,3455
ALCHEMICAL,116,128768,128883
IDEOGRAPHIC,114,12272,13310
PARENTHESIZED,113,9332,12867
KATAKANA,110,12449,12799
RIGHTWARDS,105,8594,129784
FULLWIDTH,103,65281,65510
LEFTWARDS,103,8592,129783
TELUGU,100,3072,3199
LEFT,98,40,129287
BENGALI,96,2432,2558
GLAGOLITIC,96,11264,11359
HEAVY,96,9947,129183
ARMENIAN,94,1329,64279
GUJARATI,91,2689,2815
JAVANESE,91,43392,43487
KANNADA,91,3200,3315
ORIYA,91,2817,2935
SINHALA,91,3457,3572
HIRAGANA,89,12353,12447
RUNIC,89,5792,5880
BAMUM,88,42656,42743
SYRIAC,88,1792,2154
THAI,87,3585,3675
NEW,86,6528,127770
CHAM,83,43520,43615
LAO,83,3713,3807
SAURASHTRA,82,43136,43225
GURMUKHI,80,2561,2678
MEETEI,79,43744,44025
BOPOMOFO,75,12549,12735
RIGHT,75,41,128495
LEPCHA,74,7168,7247
SUNDANESE,72,7040,7367
TAMIL,72,2946,3066
APL,70,9014,9109
LIMBU,68,6400,6479
HEXAGRAM,64,19904,19967
UPWARDS,63,8593,129177
NKO,62,1984,2047
SAMARITAN,61,2048,2110
DOWNWARDS,59,8595,129203
TIFINAGH,59,11568,11647
BATAK,56,7104,7167
PHAGS-PA,56,43072,43127
DOUBLE,53,733,65100
SMALL,53,732,128745
THAANA,50,1920,1969
KAYAH,48,43264,43311
LISU,48,42192,42239
OL,48,7248,7295
SYLOTI,45,43008,43052
NORTH,43,8598,129209
SYMBOL,43,8527,128325
VEDIC,43,7376,7418
WIDE-HEADED,40,129120,129159
REJANG,37,43312,43359
FACE,33,128134,129769
PRESENTATION,33,65040,65096
NEUTRAL,31,128528,129613
BUGINESE,30,6656,6687
DINGBAT,30,10102,10131
MANDAIC,29,2112,2142
OGHAM,29,5760,5788
GREATER-THAN,28,62,10921
SOUTH,28,8600,129211
MEDIUM,27,8287,128974
LESS-THAN,26,60,10920
LOWER,26,9601,128397
CLOCK,24,128336,128359
REVERSED,24,8245,128405
ROMAN,24,8544,8584
TAGALOG,23,5888,5919
VERTICAL,23,124,128678
TURNED,22,8489,128599
HANUNOO,21,5920,5940
LARGE,21,9711,129003
BUHID,20,5952,5971
TOP,20,8974,128285
DIGIT,19,48,9360
NOT,19,172,9083
UP,19,8597,129113
VULGAR,19,188,8585
LIGHT,18,9617,129653
NEGATIVE,18,9451,129207
TAGBANWA,18,5984,6003
DOUBLE-STRUCK,17,8450,8521
LONG,17,10188,129688
SUPERSCRIPT,17,178,8319
SUPERSET,17,8835,10968
BOTTOM,16,8972,11868
N-ARY,16,8719,11007
UPPER,16,9136,128319
VARIATION,16,65024,65039
DENTISTRY,15,9150,9164
SUBSCRIPT,15,8320,8334
THREE,15,8278,128962
TRIPLE,15,8244,11851
TWO,15,8229,128490
ARABIC-INDIC,14,1542,1641
LOGICAL,14,8743,10851
OPEN,14,9251,128449
SCRIPT,14,8458,128624
SMILING,14,128515,129394
SQUARED,14,8862,11820
SUBSET,14,8834,10965
XIANGQI,14,129632,129645
EQUALS,13,61,11257
PERSON,13,9977,129733
VERY,13,8920,128976
Z,13,8959,10853
ANTICLOCKWISE,12,8630,128260
CIRCLE,12,9677,10691
CLOSED,12,10828,128272
EMPTY,12,8709,129721
HANGZHOU,12,12321,12346
HORIZONTAL,12,8213,128677
MATHEMATICAL,12,10187,10223
MEASURED,12,8737,10671
NUMBER,12,35,9371
PLUS,12,43,10866
BALLOT,11,9744,128505
CLOCKWISE,11,8631,128472
DOES,11,8716,10990
INTEGRAL,11,8747,10780
OCR,11,9280,9290
PRECEDES,11,8826,10937
SUCCEEDS,11,8827,10938
EXTENDED,10,1776,1785
QUADRANT,10,9622,9631
RAISED,10,9994,129306
SHORT,10,10564,11103
DOTTED,9,8284,129765
ELEMENT,9,8712,10969
EMOJI,9,127995,129459
INVERTED,9,161,11846
METRICAL,9,9169,9177
NEITHER,9,8775,8841
RIBBON,9,11184,127872
TILDE,9,126,11807
FOUR,8,8280,128966
JAPANESE,8,9979,128304
MULTIPLICATION,8,215,10811
NO,8,9940,128695
RECYCLING,8,9843,9850
REVERSE,8,92,128968
SIDEWAYS,8,128408,128417
TRIGRAM,8,9776,9783
BOLD,7,128902,128957
CROSS,7,9768,128322
DIAMOND,7,8900,128924
INTERSECTION,7,8745,10827
LOW,7,95,129707
MAN,7,128104,129333
MINUS,7,8722,10810
RING,7,730,128735
UNION,7,8746,10826
UP-POINTING,7,9709,128744
ARROW,6,10548,129201
CONTAINS,6,8715,8957
DIE,6,9856,9861
DOUBLE-LINE,6,10905,11002
EIGHT,6,10035,10058
EQUAL,6,8797,8927
ERROR-BARRED,6,10734,10739
EXTREMELY,6,128905,128954
RUSSIAN,6,11251,11256
SLANTED,6,10901,11100
STAR,6,8795,11243
TELEPHONE,6,8481,128384
THREE-D,6,10146,11163
BABY,5,127868,128700
BLACK-LETTER,5,8460,8493
CLOUD,5,9729,127786
DOWN,5,8868,10993
EARTH,5,9178,127759
FIRST,5,8296,129351
FULL,5,46,127773
GRINNING,5,128512,129322
HEART,5,127892,129782
INPUT,5,128288,128292
ONCOMING,5,128653,128753
PLUTO,5,9799,11222
ROTATED,5,8506,11215
SIMILAR,5,10860,10912
APPROXIMATELY,4,8773,10864
BANKNOTE,4,128180,128183
BEAMED,4,9835,127901
BELL,4,9086,129745
CAT,4,128008,128572
CURLY,4,8910,10160
DAGGER,4,8224,128481
DIGRAM,4,9868,9871
DOCUMENT,4,128441,128462
DOT,4,729,8901
DOWN-POINTING,4,10728,128317
DOWNWARD,4,129288,129291
EAR,4,127805,129467
ELECTRIC,4,8961,128294
GREEN,4,127823,129367
HAMMER,4,9773,128736
HOT,4,9749,127798
HOUSE,4,8962,127969
ICE,4,9976,129482
KATAKANA-HIRAGANA,4,12443,12540
KISSING,4,128535,128573
LEFT-FACING,4,1422,129307
LEFT-POINTING,4,171,128269
LEFT-TO-RIGHT,4,8206,8294
LINE,4,8232,10772
MALE,4,9794,9895
MOUNTAIN,4,9968,128693
MUSICAL,4,127896,127932
NOTCHED,4,10159,128324
OUTLINED,4,9885,10029
PAGE,4,128195,128479
PALM,4,11801,129780
POWER,4,9211,9214
RIGHT-FACING,4,1421,129308
RIGHT-POINTING,4,187,128270
RIGHT-TO-LEFT,4,8207,8295
SANS-SERIF,4,128630,128634
SINGLE,4,8218,8250
SIX,4,10038,128973
SPEAKER,4,128263,128266
TRIANGLE,4,10698,128710
WATER,4,127754,129341
WAVY,4,8967,65103
WOMANS,4,128082,128098
ZERO,4,8203,65279
AIRPLANE,3,9992,128748
ALMOST,3,8776,10863
ANGLE,3,8736,10660
BLACK-FEATHERED,3,10164,10166
BOWTIE,3,8904,10706
BROKEN,3,166,128148
CARD,3,128199,128451
CHART,3,128185,128201
COLON,3,58,8788
DASHED,3,10143,65101
DEGREE,3,176,8457
DIVISION,3,247,8903
DOUBLED,3,9890,11260
EM,3,8193,8212
EN,3,8192,8211
ENVELOPE,3,9993,128388
FALLING,3,9950,10543
FIRE,3,128293,129519
FLOWER,3,8277,127924
FLYING,3,128389,129359
FRAME,3,128444,128446
GEAR,3,9881,9966
HORSE,3,127943,128052
HYPHEN,3,8208,11802
IDENTICAL,3,8801,10855
INTERLINEAR,3,65529,65531
INVISIBLE,3,8290,8292
LAST,3,9790,127772
LIGHTNING,3,9735,128498
MEDIEVAL,3,11852,11860
MOBILE,3,128241,128244
MOUSE,3,128001,129700
MULTISET,3,8844,8846
MUSIC,3,9837,9839
NOTE,3,128456,128458
OBLIQUE,3,10662,11869
OLDER,3,128116,129491
ONE,3,8228,128431
OVERLAPPING,3,11194,11196
PARALLEL,3,8741,10995
PER,3,8240,8524
PIG,3,128022,128061
POLICE,3,128110,128680
POSTAL,3,12306,128239
PREGNANT,3,129328,129732
RETURN,3,9166,11153
SHADOWED,3,10014,10061
SLEEPING,3,128164,128716
SOFT,3,173,128428
SPHERICAL,3,8738,10657
SPIRAL,3,128026,128467
SUMMATION,3,9138,10763
SUN,3,9737,127774
THIN,3,8201,128936
TRIANGULAR,3,8227,128681
UMBRELLA,3,9730,9969
WAVE,3,10547,12316
WAVING,3,127987,128075
ACTIVATE,2,8299,8301
ACUTE,2,180,10655
ALL,2,8780,9006
ASTERISK,2,42,8727
BACK,2,128281,128386
BACKSLANTED,2,11099,11101
BAR,2,128202,129532
BENZENE,2,9004,9187
BIG,2,10744,10745
BLUE,2,128153,128216
BOOKMARK,2,128209,128278
BOUQUET,2,127893,128144
BOWL,2,128335,129379
BULLET,2,8226,8729
BULLHORN,2,128363,128364
BUS,2,128652,128655
CAMERA,2,128247,128248
CARET,2,8248,8257
CENTRELINE,2,65098,65102
CITYSCAPE,2,127750,127961
CLINKING,2,127867,129346
COMMERCIAL,2,64,8274
CONSTRUCTION,2,128119,128679
COW,2,128004,128046
CRICKET,2,127951,129431
CROSSED,2,9876,127884
CRYING,2,128546,128575
CUP,2,9982,129380
CURRENCY,2,164,128177
DARK,2,9619,128374
DASH,2,11843,128168
DECIMAL,2,9110,9192
DESERT,2,127964,127965
DESKTOP,2,128421,128468
DIRECT,2,9107,127919
DISAPPOINTED,2,128542,128549
DIZZY,2,128171,128565
DOG,2,128021,128054
DRAGON,2,128009,128050
END,2,8718,128282
EQUIVALENT,2,8781,10872
ERASE,2,8998,9003
ERIS,2,11248,11249
EUROPEAN,2,127972,127984
EXCLAMATION,2,33,8265
FAX,2,128224,128439
FIGURE,2,8199,8210
FILE,2,128193,128452
FILM,2,127902,128253
FISH,2,127845,128031
FIVE,2,8281,11821
FORK,2,127860,127869
FRACTION,2,8260,8543
FRENCH,2,8355,127839
GEOMETRICALLY,2,8782,8785
HAIR,2,8202,129710
HAND,2,129310,129776
HEADSTONE,2,9980,129702
HIGH,2,9889,128262
HIGH-SPEED,2,128644,128645
HOLLOW,2,128616,128617
HOURGLASS,2,8987,9203
IMAGE,2,8787,8887
INFINITY,2,8734,10718
INFORMATION,2,8505,128129
INHIBIT,2,8298,8300
INVERSE,2,9688,9689
KEYBOARD,2,9000,128422
KISS,2,128139,128143
LARGER,2,10923,10925
LOCK,2,128271,128274
LOVE,2,127977,128140
LOZENGE,2,9674,10208
MECHANICAL,2,129470,129471
MILITARY,2,127894,129686
MIRROR,2,129694,129705
MONEY,2,128176,128184
MONKEY,2,128018,128053
MONOGRAM,2,9866,9867
MOON,2,127889,129390
MOTOR,2,128741,128757
MUCH,2,8810,8811
NATIONAL,2,8302,127966
NEPTUNE,2,9798,11209
NEWLINE,2,11154,11155
NORMAL,2,8882,8884
NOTEBOOK,2,128211,128212
OLD,2,128435,128477
OPEN-CIRCUIT-OUTPUT,2,9103,9104
OPTICAL,2,128191,128440
ORANGE,2,128217,129505
ORNATE,2,64830,64831
PERPENDICULAR,2,10178,10977
PHILIPPINE,2,5941,5942
PITCHFORK,2,8916,10970
PLACE,2,8984,128720
PLANCK,2,8462,8463
POP,2,8236,8297
POUTING,2,128545,128574
PRINTER,2,128424,128438
QUADRUPLE,2,8279,10764
QUESTION,2,63,8264
RABBIT,2,128007,128048
RACING,2,127949,127950
RADIO,2,128251,128280
RAILWAY,2,128643,128740
RED,2,127822,129511
RESTRICTED,2,9952,9953
RICE,2,127832,127833
RISING,2,10539,10544
ROLLER,2,127906,128764
ROUND,2,128205,128907
SAFETY,2,129466,129527
SATELLITE,2,128225,128752
SCHOOL,2,127890,127979
SHOPPING,2,128717,128722
SKULL,2,9760,128128
SLIGHTLY,2,128577,128578
SLOPING,2,10839,10840
SMALLER,2,10922,10924
SNOWMAN,2,9731,9924
SOLID,2,128618,128619
SOLIDUS,2,47,10742
SPIDER,2,128375,128376
STAFF,2,9877,9882
SUNRISE,2,127748,127749
TAPE,2,9991,128429
THERE,2,8707,8708
THUMBS,2,128077,128078
TIGER,2,128005,128047
TIMES,2,10708,10709
TIRONIAN,2,8266,11858
TRAM,2,128650,128651
TROPICAL,2,127865,128032
TRUE,2,8872,11231
VIDEO,2,127918,128249
WANING,2,127766,127768
WAXING,2,127762,127764
WEARY,2,128553,128576
WHEEL,2,9784,128734
WIND,2,127788,127888
WOMAN,2,128105,128111
WORD,2,8288,11825
ABACUS,1,129518,129518
AC,1,9190,9190
ACCORDION,1,129687,129687
ACCOUNT,1,8448,8448
ADDRESSED,1,8449,8449
ADHESIVE,1,129657,129657
ADI,1,9772,9772
ADMETOS,1,11237,11237
ADMISSION,1,127903,127903
ADULT,1,129489,129489
AERIAL,1,128673,128673
AFGHANI,1,1547,1547
AKTIESELSKAB,1,8525,8525
ALARM,1,9200,9200
ALEF,1,8501,8501
ALEMBIC,1,9879,9879
ALIEN,1,128126,128126
ALTERNATE,1,9941,9941
ALTERNATIVE,1,9095,9095
AMALGAMATION,1,10815,10815
AMBULANCE,1,128657,128657
AMERICAN,1,127944,127944
AMPERSAND,1,38,38
AMPHORA,1,127994,127994
ANATOMICAL,1,129728,129728
ANCHOR,1,9875,9875
AND,1,10193,10193
ANGER,1,128162,128162
ANGRY,1,128544,128544
ANGSTROM,1,8491,8491
ANGUISHED,1,128551,128551
ANKH,1,9765,9765
ANT,1,128028,128028
ANTENNA,1,128246,128246
APOLLON,1,11236,11236
APOSTROPHE,1,39,39
APPROACHES,1,8784,8784
AQUARIUS,1,9810,9810
ARC,1,8978,8978
ARIES,1,9800,9800
ARTICULATED,1,128667,128667
ARTIST,1,127912,127912
ASCENDING,1,9738,9738
ASSERTION,1,8870,8870
ASTERISM,1,8258,8258
ASTONISHED,1,128562,128562
ASTRAEA,1,11225,11225
ASTRONOMICAL,1,9954,9954
ASYMPTOTICALLY,1,8771,8771
ATHLETIC,1,128095,128095
ATOM,1,9883,9883
AUBERGINE,1,127814,127814
AUSTRAL,1,8371,8371
AUTO,1,128762,128762
AUTOMATED,1,127975,127975
AUTOMOBILE,1,128663,128663
AVOCADO,1,129361,129361
AXE,1,129683,129683
BACK-TILTED,1,10155,10155
BACON,1,129363,129363
BACTRIAN,1,128043,128043
BADGER,1,129441,129441
BADMINTON,1,127992,127992
BAGEL,1,129391,129391
BAGGAGE,1,128708,128708
BAGUETTE,1,129366,129366
BALL,1,129526,129526
BALLET,1,129648,129648
BALLOON,1,127880,127880
BALLOON-SPOKED,1,10057,10057
BANANA,1,127820,127820
BANJO,1,129685,129685
BANK,1,127974,127974
BARBER,1,128136,128136
BASEBALL,1,9918,9918
BASKET,1,129530,129530
BASKETBALL,1,127936,127936
BAT,1,129415,129415
BATH,1,128704,128704
BATHTUB,1,128705,128705
BATTERY,1,128267,128267
BEACH,1,127958,127958
BEANS,1,129752,129752
BEAR,1,128059,128059
BEARDED,1,129492,129492
BEATING,1,128147,128147
BEAVER,1,129451,129451
BECAUSE,1,8757,8757
BED,1,128719,128719
BEER,1,127866,127866
BEETLE,1,129714,129714
BELLHOP,1,128718,128718
BENT,1,11102,11102
BENTO,1,127857,127857
BET,1,8502,8502
BETWEEN,1,8812,8812
BEVERAGE,1,129475,129475
BICYCLE,1,128690,128690
BICYCLIST,1,128692,128692
BIKINI,1,128089,128089
BILLED,1,129506,129506
BILLIARDS,1,127921,127921
BIOHAZARD,1,9763,9763
BIRD,1,128038,128038
BIRTHDAY,1,127874,127874
BISON,1,129452,129452
BITCOIN,1,8383,8383
BITING,1,129766,129766
BLANK,1,9250,9250
BLOSSOM,1,127804,127804
BLOWFISH,1,128033,128033
BLUEBERRIES,1,129744,129744
BOAR,1,128023,128023
BOMB,1,128163,128163
BONE,1,129460,129460
BOOK,1,128366,128366
BOOKS,1,128218,128218
BOOMERANG,1,129667,129667
BOTTLE,1,127870,127870
BOW,1,127993,127993
BOWLING,1,127923,127923
BOXING,1,129354,129354
BOY,1,128102,128102
BOYS,1,128713,128713
BRAIN,1,129504,129504
BREAD,1,127838,127838
BREAST-FEEDING,1,129329,129329
BREVE,1,728,728
BRICK,1,129521,129521
BRIDE,1,128112,128112
BRIDGE,1,127753,127753
BRIEFCASE,1,128188,128188
BRIEFS,1,129650,129650
BROCCOLI,1,129382,129382
BROOM,1,129529,129529
BROWN,1,129294,129294
BUBBLE,1,129483,129483
BUBBLES,1,129767,129767
BUCKET,1,129699,129699
BUG,1,128027,128027
BUILDING,1,127959,127959
BULLSEYE,1,9678,9678
BURRITO,1,127791,127791
BUST,1,128100,128100
BUSTS,1,128101,128101
BUTTER,1,129480,129480
BUTTERFLY,1,129419,129419
CACTUS,1,127797,127797
CADA,1,8454,8454
CADUCEUS,1,9764,9764
CALENDAR,1,128197,128197
CALL,1,129305,129305
CAMPING,1,127957,127957
CANCELLATION,1,128473,128473
CANCER,1,9803,9803
CANDLE,1,128367,128367
CANDY,1,127852,127852
CANNED,1,129387,129387
CANOE,1,128758,128758
CAPITULUM,1,11839,11839
CAPRICORN,1,9809,9809
CAR,1,9936,9936
CARE,1,8453,8453
CARON,1,711,711
CAROUSEL,1,127904,127904
CARP,1,127887,127887
CARPENTRY,1,129690,129690
CARROT,1,129365,129365
CASTLE,1,9963,9963
CAUTION,1,9761,9761
CEDI,1,8373,8373
CEDILLA,1,184,184
CELTIC,1,128328,128328
CENT,1,162,162
CENTRE,1,8452,8452
CERES,1,9907,9907
CHAINS,1,9939,9939
CHAIR,1,129681,129681
CHARACTER,1,8256,8256
CHECK,1,10003,10003
CHECKER,1,128638,128638
CHEERING,1,128227,128227
CHEESE,1,129472,129472
CHEQUERED,1,127937,127937
CHERRIES,1,127826,127826
CHERRY,1,127800,127800
CHESTNUT,1,127792,127792
CHI,1,9767,9767
CHICKEN,1,128020,128020
CHILD,1,129490,129490
CHILDREN,1,128696,128696
CHIPMUNK,1,128063,128063
CHIRON,1,9911,9911
CHOCOLATE,1,127851,127851
CHOPSTICKS,1,129378,129378
CHRISTMAS,1,127876,127876
CHURCH,1,9962,9962
CINEMA,1,127910,127910
CIRCULATION,1,10768,10768
CIRCUMFLEX,1,94,94
CIRCUS,1,127914,127914
CLAMSHELL,1,128385,128385
CLAPPER,1,127916,127916
CLAPPING,1,128079,128079
CLASSICAL,1,127963,127963
CLEAR,1,9114,9114
CLIPBOARD,1,128203,128203
CLOSE,1,8272,8272
CLOWN,1,129313,129313
COAT,1,129509,129509
COCKROACH,1,129715,129715
COCKTAIL,1,127864,127864
COCONUT,1,129381,129381
COFFIN,1,9904,9904
COIN,1,129689,129689
COLLISION,1,128165,128165
COMET,1,9732,9732
COMMA,1,44,44
COMPASS,1,129517,129517
COMPLEMENT,1,8705,8705
COMPOSITION,1,9092,9092
COMPRESSION,1,128476,128476
CONFETTI,1,127882,127882
CONFOUNDED,1,128534,128534
CONFUSED,1,128533,128533
CONGRUENT,1,10861,10861
CONICAL,1,9010,9010
CONJUNCTION,1,9740,9740
CONTINUOUS,1,9089,9089
CONTOUR,1,8750,8750
CONTROL,1,127899,127899
CONVENIENCE,1,127978,127978
COOKED,1,127834,127834
COOKIE,1,127850,127850
COOKING,1,127859,127859
COPYRIGHT,1,169,169
CORAL,1,129720,129720
CORNISH,1,11855,11855
CORRESPONDS,1,8792,8792
COUCH,1,128715,128715
COUNTERBORE,1,9012,9012
COUNTERSINK,1,9013,9013
COUPLE,1,128145,128145
CRAB,1,129408,129408
CREDIT,1,128179,128179
CRESCENT,1,127769,127769
CROCODILE,1,128010,128010
CROISSANT,1,129360,129360
CROSSING,1,9932,9932
CROWN,1,128081,128081
CRUTCH,1,129660,129660
CRUZEIRO,1,8354,8354
CRYSTAL,1,128302,128302
CUBE,1,8731,8731
CUCUMBER,1,129362,129362
CUPCAKE,1,129473,129473
CUPIDO,1,11232,11232
CURLING,1,129356,129356
CURRY,1,127835,127835
CURVED,1,10081,10081
CUSTARD,1,127854,127854
CUSTOMS,1,128707,128707
CUT,1,129385,129385
CYCLONE,1,127744,127744
CYLINDRICITY,1,9005,9005
DALET,1,8504,8504
DANCER,1,128131,128131
DANGO,1,127841,127841
DEAF,1,129487,129487
DECIDUOUS,1,127795,127795
DECREASE,1,128475,128475
DEER,1,129420,129420
DELIVERY,1,128666,128666
DELTA,1,8796,8796
DEPARTMENT,1,127980,127980
DERELICT,1,127962,127962
DESCENDING,1,9739,9739
DIAERESIS,1,168,168
DIAMETER,1,8960,8960
DIESEL,1,128754,128754
DIFFERENCE,1,8783,8783
DIMENSION,1,9009,9009
DISABLED,1,9933,9933
DISCONTINUOUS,1,9090,9090
DISGUISED,1,129400,129400
DITTO,1,12291,12291
DIVIDES,1,8739,8739
DIVING,1,129343,129343
DIVORCE,1,9902,9902
DIYA,1,129684,129684
DNA,1,129516,129516
DO,1,128687,128687
DODO,1,129444,129444
DOLLAR,1,36,36
DOLPHIN,1,128044,128044
DONG,1,8363,8363
DONKEY,1,129743,129743
DOOR,1,128682,128682
DOUBLE-ENDED,1,10719,10719
DOUGHNUT,1,127849,127849
DOVE,1,128330,128330
DRACHMA,1,8367,8367
DRAFTING,1,10139,10139
DRESS,1,128087,128087
DRIVE,1,9946,9946
DROMEDARY,1,128042,128042
DROOLING,1,129316,129316
DROP,1,129656,129656
DROPLET,1,128167,128167
DRUM,1,129345,129345
DUCK,1,129414,129414
DUMPLING,1,129375,129375
DVD,1,128192,128192
E-MAIL,1,128231,128231
EAGLE,1,129413,129413
EAST,1,9841,9841
EDITORIAL,1,11790,11790
EGG,1,129370,129370
EIGHTH,1,9834,9834
EJECT,1,9167,9167
ELECTRICAL,1,9191,9191
ELEPHANT,1,128024,128024
ELEVATOR,1,128727,128727
ELF,1,129501,129501
EMPHASIS,1,9091,9091
ENTER,1,9094,9094
EQUIANGULAR,1,8794,8794
ESTIMATED,1,8494,8494
ESTIMATES,1,8793,8793
EULER,1,8455,8455
EURO,1,8364,8364
EURO-CURRENCY,1,8352,8352
EVERGREEN,1,127794,127794
EXCESS,1,8761,8761
EXPRESSIONLESS,1,128529,128529
EXTRATERRESTRIAL,1,128125,128125
EYE,1,128065,128065
EYEGLASSES,1,128083,128083
EYES,1,128064,128064
FACSIMILE,1,8507,8507
FACTORY,1,127981,127981
FAIRY,1,129498,129498
FALAFEL,1,129478,129478
FALLEN,1,127810,127810
FAMILY,1,128106,128106
FARSI,1,9771,9771
FATHER,1,127877,127877
FEARFUL,1,128552,128552
FEATHER,1,129718,129718
FEMALE,1,9792,9792
FEMININE,1,170,170
FENCER,1,129338,129338
FERRIS,1,127905,127905
FERRY,1,9972,9972
FIELD,1,127953,127953
FINGERPRINT,1,129734,129734
FINITE,1,10765,10765
FIRECRACKER,1,129512,129512
FIREWORK,1,127879,127879
FIREWORKS,1,127878,127878
FISHEYE,1,9673,9673
FISHING,1,127907,127907
FISTED,1,128074,128074
FLAG,1,9971,9971
FLAMINGO,1,129449,129449
FLAT,1,129407,129407
FLATBREAD,1,129747,129747
FLATNESS,1,9189,9189
FLEUR-DE-LIS,1,9884,9884
FLEXED,1,128170,128170
FLOPPY,1,128190,128190
FLORAL,1,10086,10086
FLUSHED,1,128563,128563
FLUTE,1,129672,129672
FLY,1,129712,129712
FOG,1,127787,127787
FOGGY,1,127745,127745
FOLDER,1,128448,128448
FOLDING,1,129709,129709
FONDUE,1,129749,129749
FOOT,1,129462,129462
FOOTPRINTS,1,128099,128099
FOR,1,8704,8704
FORCES,1,8873,8873
FORKED,1,11792,11792
FORKING,1,10972,10972
FORTUNE,1,129376,129376
FOUNTAIN,1,9970,9970
FOUR-PER-EM,1,8197,8197
FOURTH,1,8732,8732
FOX,1,129418,129418
FREEZING,1,129398,129398
FRIED,1,127844,127844
FROG,1,128056,128056
FRONT-FACING,1,128037,128037
FRONT-TILTED,1,10156,10156
FROWN,1,8994,8994
FROWNING,1,128550,128550
FUEL,1,9981,9981
FUNCTION,1,8289,8289
FUNERAL,1,9905,9905
FUSE,1,9179,9179
GAME,1,127922,127922
GARLIC,1,129476,129476
GEM,1,128142,128142
GEMINI,1,9802,9802
GENIE,1,129502,129502
GEOMETRIC,1,8762,8762
GERMAN,1,8368,8368
GETA,1,12307,12307
GHOST,1,128123,128123
GIMEL,1,8503,8503
GINGER,1,129754,129754
GIRAFFE,1,129426,129426
GIRL,1,128103,128103
GIRLS,1,128714,128714
GLASS,1,129371,129371
GLEICH,1,10726,10726
GLOBE,1,127760,127760
GLOVES,1,129508,129508
GLOWING,1,127775,127775
GOAL,1,129349,129349
GOAT,1,128016,128016
GOGGLES,1,129405,129405
GOLFER,1,127948,127948
GONGGONG,1,128893,128893
GOOSE,1,129727,129727
GORILLA,1,129421,129421
GRADUATION,1,127891,127891
GRAPES,1,127815,127815
GRAVE,1,96,96
GREY,1,129654,129654
GRIMACING,1,128556,128556
GROUP,1,11218,11218
GROWING,1,128151,128151
GUARANI,1,8370,8370
GUARDSMAN,1,128130,128130
GUIDE,1,129454,129454
GUITAR,1,127928,127928
HADES,1,11233,11233
HAIRCUT,1,128135,128135
HAMBURGER,1,127828,127828
HAMSA,1,129708,129708
HAMSTER,1,128057,128057
HANDBAG,1,128092,128092
HANDBALL,1,129342,129342
HANDSHAKE,1,129309,129309
HAPPY,1,128587,128587
HARD,1,128436,128436
HARP,1,129673,129673
HATCHING,1,128035,128035
HAUMEA,1,128891,128891
HEADPHONE,1,127911,127911
HEAR-NO-EVIL,1,128585,128585
HEDGEHOG,1,129428,129428
HELICOPTER,1,128641,128641
HELLSCHREIBER,1,11263,11263
HELM,1,9096,9096
HELMET,1,9937,9937
HERB,1,127807,127807
HERMITIAN,1,8889,8889
HIBISCUS,1,127802,127802
HIGH-HEELED,1,128096,128096
HIKING,1,129406,129406
HINDU,1,128725,128725
HIPPOPOTAMUS,1,129435,129435
HISTORIC,1,9964,9964
HOCHO,1,128298,128298
HOLE,1,128371,128371
HOMOTHETIC,1,8763,8763
HONEY,1,127855,127855
HONEYBEE,1,128029,128029
HOOK,1,129693,129693
HOSPITAL,1,127973,127973
HOTEL,1,127976,127976
HRYVNIA,1,8372,8372
HUGGING,1,129303,129303
HUNDRED,1,128175,128175
HUSHED,1,128559,128559
HUT,1,128726,128726
HYACINTH,1,129723,129723
HYGIEA,1,11226,11226
HYPHEN-MINUS,1,45,45
HYPHENATION,1,8231,8231
HYPODIASTOLE,1,11794,11794
HYSTERESIS,1,9102,9102
I,1,129311,129311
IDENTIFICATION,1,129706,129706
IMP,1,128127,128127
INBOX,1,128229,128229
INCOMING,1,128232,128232
INCOMPLETE,1,10716,10716
INCREASE,1,128474,128474
INCREASES,1,10721,10721
INCREMENT,1,8710,8710
INDEX,1,129781,129781
INDIAN,1,8377,8377
INSERTION,1,9088,9088
INTERCALATE,1,8890,8890
INTERIOR,1,10812,10812
INTERLOCKED,1,9892,9892
INTERROBANG,1,8253,8253
IZAKAYA,1,127982,127982
JACK-O-LANTERN,1,127875,127875
JAR,1,129753,129753
JEANS,1,128086,128086
JELLYFISH,1,129724,129724
JIGSAW,1,129513,129513
JOIN,1,10781,10781
JOYSTICK,1,128377,128377
JUGGLING,1,129337,129337
JUNO,1,9909,9909
JUPITER,1,9795,9795
KAABA,1,128331,128331
KANGAROO,1,129432,129432
KELVIN,1,8490,8490
KEY,1,128273,128273
KEYCAP,1,128287,128287
KHANDA,1,129711,129711
KIMONO,1,128088,128088
KIP,1,8365,8365
KITE,1,129665,129665
KIWIFRUIT,1,129373,129373
KNEELING,1,129486,129486
KNOT,1,129698,129698
KOALA,1,128040,128040
KOREAN,1,12927,12927
KRONOS,1,11235,11235
L,1,8468,8468
LAB,1,129404,129404
LABEL,1,127991,127991
LACROSSE,1,129357,129357
LADDER,1,129692,129692
LADY,1,128030,128030
LARI,1,8382,8382
LEAF,1,127811,127811
LEAFLESS,1,129726,129726
LEAFY,1,129388,129388
LEDGER,1,128210,128210
LEFT-HANDED,1,9958,9958
LEFT-SHADED,1,10154,10154
LEFT-SIDE,1,10553,10553
LEG,1,129461,129461
LEMON,1,127819,127819
LEO,1,9804,9804
LEOPARD,1,128006,128006
LEVEL,1,127898,127898
LIBRA,1,9806,9806
LIGATURE,1,128626,128626
LIMITED,1,13007,13007
LINK,1,128279,128279
LINKED,1,128391,128391
LION,1,129409,129409
LIPS,1,128482,128482
LIPSTICK,1,128132,128132
LIRA,1,8356,8356
LIVRE,1,8374,8374
LIZARD,1,129422,129422
LLAMA,1,129433,129433
LOBSTER,1,129438,129438
LOLLIPOP,1,127853,127853
LOT,1,128884,128884
LOTION,1,129524,129524
LOTUS,1,129719,129719
LOUDLY,1,128557,128557
LUGGAGE,1,129523,129523
LUNAR,1,128886,128886
LUNGS,1,129729,129729
LYING,1,129317,129317
MACRON,1,175,175
MAGE,1,129497,129497
MAGIC,1,129668,129668
MAGNET,1,129522,129522
MAKEMAKE,1,128892,128892
MALTESE,1,10016,10016
MAMMOTH,1,129443,129443
MANAT,1,8380,8380
MANGO,1,129389,129389
MANS,1,128094,128094
MANTELPIECE,1,128368,128368
MANUAL,1,129469,129469
MAP,1,9967,9967
MAPLE,1,127809,127809
MARACAS,1,129671,129671
MARRIAGE,1,9901,9901
MARTIAL,1,129355,129355
MASCULINE,1,186,186
MASU,1,12348,12348
MATE,1,129481,129481
MAXIMIZE,1,128470,128470
MEAT,1,127830,127830
MELON,1,127816,127816
MELTING,1,129760,129760
MEMO,1,128221,128221
MENORAH,1,128334,128334
MENS,1,128697,128697
MERCURY,1,9791,9791
MERPERSON,1,129500,129500
METRO,1,128647,128647
MICRO,1,181,181
MICROBE,1,129440,129440
MICROPHONE,1,127908,127908
MICROSCOPE,1,128300,128300
MIDDLE,1,183,183
MIDLINE,1,8943,8943
MILKY,1,127756,127756
MILL,1,8357,8357
MINIBUS,1,128656,128656
MINIDISC,1,128189,128189
MINIMIZE,1,128469,128469
MINUS-OR-PLUS,1,8723,8723
MINY,1,10751,10751
MODELS,1,8871,8871
MODERN,1,129339,129339
MODULO,1,10762,10762
MONEY-MOUTH,1,129297,129297
MONORAIL,1,128669,128669
MONOSTABLE,1,9101,9101
MOOD,1,128496,128496
MOOSE,1,129742,129742
MOSQUE,1,128332,128332
MOSQUITO,1,129439,129439
MOTHER,1,129334,129334
MOTORIZED,1,129468,129468
MOTORWAY,1,128739,128739
MOUNT,1,128507,128507
MOUTH,1,128068,128068
MOVIE,1,127909,127909
MOYAI,1,128511,128511
MULTIMAP,1,8888,8888
MULTIPLE,1,127926,127926
MUSHROOM,1,127812,127812
NABLA,1,8711,8711
NAIL,1,128133,128133
NAIRA,1,8358,8358
NAME,1,128219,128219
NAND,1,8892,8892
NARROW,1,8239,8239
NAUSEATED,1,129314,129314
NAZAR,1,129535,129535
NECKTIE,1,128084,128084
NEGATED,1,8879,8879
NERD,1,129299,129299
NESSUS,1,11228,11228
NEST,1,129722,129722
NESTING,1,129670,129670
NEUTER,1,9906,9906
NEWSPAPER,1,128240,128240
NEXT,1,9112,9112
NIGHT,1,127747,127747
NINE,1,128985,128985
NINJA,1,129399,129399
NO-BREAK,1,160,160
NOMINAL,1,8303,8303
NON-BREAKING,1,8209,8209
NON-POTABLE,1,128689,128689
NONFORKING,1,10973,10973
NOR,1,8893,8893
NORDIC,1,8379,8379
NORTHEAST-POINTING,1,128746,128746
NOSE,1,128067,128067
NUMERO,1,8470,8470
NUT,1,128297,128297
OBJECT,1,65532,65532
OBSERVER,1,9215,9215
OCCULTATION,1,128885,128885
OCTAGONAL,1,128721,128721
OCTOPUS,1,128025,128025
ODEN,1,127842,127842
OFFICE,1,127970,127970
OGONEK,1,731,731
OHM,1,8486,8486
OIL,1,128738,128738
OK,1,128076,128076
OLIVE,1,129746,129746
OM,1,128329,128329
ON,1,128283,128283
ONE-PIECE,1,129649,129649
ONION,1,129477,129477
OPEN-OUTLINED,1,10174,10174
OPHIUCHUS,1,9934,9934
OPPOSITION,1,9741,9741
OPTION,1,8997,8997
OR,1,10183,10183
ORANGUTAN,1,129447,129447
ORCUS,1,128895,128895
ORIGINAL,1,8886,8886
ORTHODOX,1,9766,9766
OTTER,1,129446,129446
OUNCE,1,8485,8485
OUTBOX,1,128228,128228
OVERHEATED,1,129397,129397
OVERLAP,1,128471,128471
OVERLINE,1,8254,8254
OWL,1,129417,129417
OX,1,128002,128002
OYSTER,1,129450,129450
PACKAGE,1,128230,128230
PAGER,1,128223,128223
PAGES,1,128464,128464
PAGODA,1,128724,128724
PALLAS,1,9908,9908
PALMS,1,129330,129330
PANCAKES,1,129374,129374
PANDA,1,128060,128060
PAPERCLIP,1,128206,128206
PARACHUTE,1,129666,129666
PARAGRAPH,1,8233,8233
PARAGRAPHOS,1,11791,11791
PARAGRAPHUS,1,11853,11853
PARROT,1,129436,129436
PART,1,12349,12349
PARTIAL,1,8706,8706
PARTIALLY-RECYCLED,1,9853,9853
PARTNERSHIP,1,12880,12880
PARTY,1,127881,127881
PASSED,1,11261,11261
PASSENGER,1,128755,128755
PASSIVE-PULL-DOWN-OUTPUT,1,9105,9105
PASSIVE-PULL-UP-OUTPUT,1,9106,9106
PASSPORT,1,128706,128706
PAW,1,128062,128062
PEA,1,129755,129755
PEACE,1,9774,9774
PEACH,1,127825,127825
PEACOCK,1,129434,129434
PEANUTS,1,129372,129372
PEAR,1,127824,127824
PEDESTRIAN,1,128694,128694
PEN,1,128390,128390
PENCIL,1,9999,9999
PENGUIN,1,128039,128039
PENSIVE,1,128532,128532
PENTAGRAM,1,9956,9956
PEOPLE,1,129730,129730
PERCENT,1,37,37
PERFORMING,1,127917,127917
PERMANENT,1,9854,9854
PERSEVERING,1,128547,128547
PERSONAL,1,128187,128187
PERSPECTIVE,1,8966,8966
PESETA,1,8359,8359
PESO,1,8369,8369
PETRI,1,129515,129515
PHOLUS,1,11227,11227
PICK,1,9935,9935
PICKUP,1,128763,128763
PIE,1,129383,129383
PILCROW,1,182,182
PILE,1,128169,128169
PILL,1,128138,128138
PINATA,1,129669,129669
PINCHED,1,129292,129292
PINCHING,1,129295,129295
PINE,1,127885,127885
PINEAPPLE,1,127821,127821
PINK,1,129655,129655
PINWHEEL,1,10031,10031
PISCES,1,9811,9811
PISTOL,1,128299,128299
PLACARD,1,129703,129703
PLAYGROUND,1,128733,128733
PLUNGER,1,129696,129696
PLUS-MINUS,1,177,177
POCKET,1,128425,128425
POODLE,1,128041,128041
POPCORN,1,127871,127871
PORTABLE,1,128254,128254
POSEIDON,1,11239,11239
POSITION,1,8982,8982
POSTBOX,1,128238,128238
POT,1,127858,127858
POTABLE,1,128688,128688
POTATO,1,129364,129364
POTTED,1,129716,129716
POUCH,1,128093,128093
POULTRY,1,127831,127831
POUND,1,163,163
POURING,1,129751,129751
PRAYER,1,128255,128255
PRESCRIPTION,1,8478,8478
PRETZEL,1,129384,129384
PREVIOUS,1,9111,9111
PRIME,1,8242,8242
PRINCE,1,129332,129332
PRINCESS,1,128120,128120
PRINT,1,9113,9113
PROBING,1,129455,129455
PROHIBITED,1,128711,128711
PROJECTIVE,1,8965,8965
PROPERTY,1,8522,8522
PROPORTION,1,8759,8759
PROPORTIONAL,1,8733,8733
PROSERPINA,1,11224,11224
PUBLIC,1,128226,128226
PUNCTUATION,1,8200,8200
PUNCTUS,1,11854,11854
PURPLE,1,128156,128156
PURSE,1,128091,128091
PUSHPIN,1,128204,128204
PUT,1,128686,128686
QUAOAR,1,128894,128894
QUARTER,1,9833,9833
QUATERNION,1,10774,10774
QUESTIONED,1,8799,8799
QUINCUNX,1,9915,9915
QUOTATION,1,34,34
RACCOON,1,129437,129437
RADICAL,1,9143,9143
RADIOACTIVE,1,9762,9762
RAIN,1,9926,9926
RAINBOW,1,127752,127752
RAM,1,128015,128015
RAT,1,128000,128000
RATIO,1,8758,8758
RAZOR,1,129682,129682
RECEIPT,1,129534,129534
RECREATIONAL,1,128665,128665
RECYCLED,1,9852,9852
REFERENCE,1,8251,8251
REGISTERED,1,174,174
RELIEVED,1,128524,128524
REMINDER,1,127895,127895
REPLACEMENT,1,65533,65533
RESPONSE,1,8479,8479
RESTROOM,1,128699,128699
REVOLVING,1,128158,128158
RHINOCEROS,1,129423,129423
RIAL,1,65020,65020
RIFLE,1,129350,129350
RIGHT-HANDED,1,9957,9957
RIGHT-SHADED,1,10153,10153
RIGHT-SIDE,1,10552,10552
RIGHTHAND,1,10813,10813
RINGED,1,129680,129680
RINGING,1,128365,128365
ROASTED,1,127840,127840
ROBOT,1,129302,129302
ROCK,1,129704,129704
ROCKET,1,128640,128640
ROLL,1,129531,129531
ROLLED-UP,1,128478,128478
ROLLING,1,129315,129315
ROOSTER,1,128019,128019
ROOT,1,129756,129756
ROSE,1,127801,127801
ROSETTE,1,127989,127989
ROWBOAT,1,128675,128675
RUBLE,1,8381,8381
RUGBY,1,127945,127945
RULE-DELAYED,1,10740,10740
RUNNER,1,127939,127939
RUNNING,1,127933,127933
RUPEE,1,8360,8360
S,1,10700,10700
SAGITTARIUS,1,9808,9808
SAILBOAT,1,9973,9973
SAKE,1,127862,127862
SALT,1,129474,129474
SALTIRE,1,9747,9747
SALUTING,1,129761,129761
SANDWICH,1,129386,129386
SARI,1,129403,129403
SATURN,1,9796,9796
SAUROPOD,1,129429,129429
SAXOPHONE,1,127927,127927
SCALES,1,9878,9878
SCARF,1,129507,129507
SCOOTER,1,128756,128756
SCORPION,1,129410,129410
SCORPIUS,1,9807,9807
SCREEN,1,128437,128437
SCREWDRIVER,1,129691,129691
SCROLL,1,128220,128220
SCRUPLE,1,8456,8456
SEAL,1,129453,129453
SEAT,1,128186,128186
SECOND,1,129352,129352
SECTION,1,167,167
SECTOR,1,8980,8980
SEDNA,1,11250,11250
SEE-NO-EVIL,1,128584,128584
SEEDLING,1,127793,127793
SEGMENT,1,8979,8979
SELFIE,1,129331,129331
SEMICOLON,1,59,59
SEMIDIRECT,1,10802,10802
SEMISEXTILE,1,9914,9914
SEPARATED,1,11259,11259
SERIOUS,1,129324,129324
SERVICE,1,8480,8480
SESAME,1,65093,65093
SESQUIQUADRATE,1,9916,9916
SET,1,8726,8726
SEWING,1,129697,129697
SEXTILE,1,9913,9913
SHAKING,1,129768,129768
SHALLOW,1,129368,129368
SHAMROCK,1,9752,9752
SHARK,1,129416,129416
SHAVED,1,127847,127847
SHEEP,1,128017,128017
SHIELD,1,128737,128737
SHINTO,1,9961,9961
SHIP,1,128674,128674
SHOCKED,1,129327,129327
SHOOTING,1,127776,127776
SHORTCAKE,1,127856,127856
SHORTS,1,129651,129651
SHOULDERED,1,9085,9085
SHOVEL,1,129679,129679
SHOWER,1,128703,128703
SHRIMP,1,129424,129424
SHRUG,1,129335,129335
SHUFFLE,1,10722,10722
SIGN,1,129304,129304
SILHOUETTE,1,128510,128510
SINE,1,8767,8767
SIX-PER-EM,1,8198,8198
SIXTEEN,1,10042,10042
SKATEBOARD,1,128761,128761
SKI,1,127935,127935
SKIER,1,9975,9975
SKUNK,1,129448,129448
SLAVONIC,1,42611,42611
SLED,1,128759,128759
SLEEPY,1,128554,128554
SLEUTH,1,128373,128373
SLICE,1,127829,127829
SLOPE,1,9011,9011
SLOT,1,127920,127920
SLOTH,1,129445,129445
SMASH,1,10803,10803
SMILE,1,8995,8995
SMIRKING,1,128527,128527
SMOKING,1,128684,128684
SNAIL,1,128012,128012
SNAKE,1,128013,128013
SNEEZING,1,129319,129319
SNOW,1,127956,127956
SNOWBOARDER,1,127938,127938
SNOWFLAKE,1,10052,10052
SOCCER,1,9917,9917
SOCKS,1,129510,129510
SOFTBALL,1,129358,129358
SOFTWARE-FUNCTION,1,9108,9108
SOM,1,8384,8384
SOON,1,128284,128284
SOUND,1,8471,8471
SPACE,1,32,32
SPAGHETTI,1,127837,127837
SPARKLE,1,10055,10055
SPARKLES,1,10024,10024
SPARKLING,1,128150,128150
SPEAK-NO-EVIL,1,128586,128586
SPEAKING,1,128483,128483
SPEECH,1,128172,128172
SPEEDBOAT,1,128676,128676
SPESMILO,1,8375,8375
SPLASHING,1,128166,128166
SPLATTER,1,129759,129759
SPONGE,1,129533,129533
SPOOL,1,129525,129525
SPOON,1,129348,129348
SPORTS,1,127941,127941
SPOUTING,1,128051,128051
SQUAT,1,10151,10151
SQUID,1,129425,129425
STADIUM,1,127967,127967
STAMPED,1,128387,128387
STANDING,1,129485,129485
STATION,1,128649,128649
STATUE,1,128509,128509
STEAM,1,128642,128642
STEAMING,1,127836,127836
STENOGRAPHIC,1,11836,11836
STETHOSCOPE,1,129658,129658
STOCK,1,128480,128480
STOPWATCH,1,9201,9201
STRAIGHT,1,128207,128207
STRAIGHTNESS,1,9188,9188
STRAWBERRY,1,127827,127827
STRESS,1,10025,10025
STRICTLY,1,8803,8803
STUDIO,1,127897,127897
STUFFED,1,129369,129369
STUPA,1,128723,128723
SUNFLOWER,1,127803,127803
SUNSET,1,127751,127751
SUPERHERO,1,129464,129464
SUPERVILLAIN,1,129465,129465
SURFACE,1,8751,8751
SURFER,1,127940,127940
SUSHI,1,127843,127843
SUSPENSION,1,128671,128671
SWAN,1,129442,129442
SWASH,1,128629,128629
SWIMMER,1,127946,127946
SWUNG,1,8275,8275
SYMMETRY,1,9007,9007
SYNAGOGUE,1,128333,128333
SYRINGE,1,128137,128137
T-REX,1,129430,129430
T-SHIRT,1,128085,128085
TABLE,1,127955,127955
TACO,1,127790,127790
TAKEOUT,1,129377,129377
TAMALE,1,129748,129748
TANABATA,1,127883,127883
TANGERINE,1,127818,127818
TAURUS,1,9801,9801
TAXI,1,128661,128661
TEACUP,1,127861,127861
TEAPOT,1,129750,129750
TEAR-OFF,1,128198,128198
TEARDROP-BARBED,1,10170,10170
TEARDROP-SPOKED,1,10043,10043
TEDDY,1,129528,129528
TELESCOPE,1,128301,128301
TELEVISION,1,128250,128250
TENGE,1,8376,8376
TENNIS,1,127934,127934
TENT,1,9978,9978
TEST,1,129514,129514
THEREFORE,1,8756,8756
THERMODYNAMIC,1,10727,10727
THERMOMETER,1,127777,127777
THINKING,1,129300,129300
THIRD,1,129353,129353
THONG,1,129652,129652
THOUGHT,1,128173,128173
THREE-EM,1,11835,11835
THREE-PER-EM,1,8196,8196
THUNDER,1,9928,9928
THUNDERSTORM,1,9736,9736
TICKET,1,127915,127915
TIE,1,10717,10717
TIGHT,1,10053,10053
TIMER,1,9202,9202
TINY,1,10750,10750
TIRED,1,128555,128555
TOILET,1,128701,128701
TOKYO,1,128508,128508
TOMATO,1,127813,127813
TONGUE,1,128069,128069
TOOLBOX,1,129520,129520
TOOTH,1,129463,129463
TOOTHBRUSH,1,129701,129701
TOTAL,1,9008,9008
TRACKBALL,1,128434,128434
TRACTOR,1,128668,128668
TRADE,1,8482,8482
TRAIN,1,128646,128646
TRANSPLUTO,1,11223,11223
TRANSVERSAL,1,10971,10971
TRIANGLE-HEADED,1,10141,10141
TRICOLON,1,8285,8285
TRIDENT,1,128305,128305
TROLL,1,129484,129484
TROLLEYBUS,1,128654,128654
TROPHY,1,127942,127942
TRUMPET,1,127930,127930
TUGRIK,1,8366,8366
TULIP,1,127799,127799
TUMBLER,1,129347,129347
TURKEY,1,129411,129411
TURKISH,1,8378,8378
TURTLE,1,128034,128034
TWELVE,1,10041,10041
TWISTED,1,128256,128256
TWO-EM,1,11834,11834
UNAMUSED,1,128530,128530
UNCERTAINTY,1,11217,11217
UNDERTIE,1,8255,8255
UNDO,1,9100,9100
UNICORN,1,129412,129412
UNITED,1,11258,11258
UNIVERSAL,1,9842,9842
UNMARRIED,1,9903,9903
UPSIDE-DOWN,1,128579,128579
URANUS,1,9797,9797
VAMPIRE,1,129499,129499
VECTOR,1,10799,10799
VERSICLE,1,8483,8483
VESTA,1,9910,9910
VIBRATION,1,128243,128243
VICTORY,1,9996,9996
VIDEOCASSETTE,1,128252,128252
VIEWDATA,1,8983,8983
VIOLIN,1,127931,127931
VIRGO,1,9805,9805
VOLCANO,1,127755,127755
VOLLEYBALL,1,127952,127952
VOLUME,1,8752,8752
VULCANUS,1,11238,11238
WAFFLE,1,129479,129479
WARNING,1,9888,9888
WASTEBASKET,1,128465,128465
WATCH,1,8986,8986
WATERMELON,1,127817,127817
WEDDING,1,128146,128146
WEDGE-TAILED,1,10172,10172
WEIGHT,1,127947,127947
WEST,1,9840,9840
WHALE,1,128011,128011
WHEELCHAIR,1,9855,9855
WHITE-FEATHERED,1,10163,10163
WIGGLY,1,11838,11838
WILTED,1,129344,129344
WINDOW,1,129695,129695
WINE,1,127863,127863
WING,1,129725,129725
WINKING,1,128521,128521
WIRED,1,128430,128430
WIRELESS,1,128732,128732
WOLF,1,128058,128058
WOMENS,1,128698,128698
WON,1,8361,8361
WOOD,1,129717,129717
WORLD,1,128506,128506
WORM,1,129713,129713
WORRIED,1,128543,128543
WRAPPED,1,127873,127873
WREATH,1,8768,8768
WRENCH,1,128295,128295
WRESTLERS,1,129340,129340
WRITING,1,9997,9997
X,1,8999,8999
X-RAY,1,129659,129659
XOR,1,8891,8891
YAWNING,1,129393,129393
YELLOW,1,128155,128155
YEN,1,165,165
YIN,1,9775,9775
YO-YO,1,129664,129664
ZEBRA,1,129427,129427
ZEUS,1,11234,11234
ZIPPER-MOUTH,1,129296,129296
ZOMBIE,1,129503,129503
